{"Batch step": 29999, "Train/Classification Loss(GCE)": 0.0, "_timestamp": 1709394632.5235715, "_runtime": 4695.864112377167, "_step": 30499, "Epoch step": 99, "Accuracy/Trainset": 0.999375, "Accuracy/Validset": 0.989, "Valid/Validset Classification Loss(GCE)": 3.039238959192314e-05, "Accuracy/Testset": 0.438, "Valid/Testset Classification Loss(GCE)": 0.00048485570959746837, "_wandb": {"runtime": 4695}}