{"Batch step": 29999, "Train/Classification Loss(GCE)": 0.001832903828471899, "_timestamp": 1709394791.6183953, "_runtime": 4815.830266237259, "_step": 30499, "Epoch step": 99, "Accuracy/Trainset": 0.9778645833333334, "Accuracy/Validset": 0.978, "Valid/Validset Classification Loss(GCE)": 6.803981384473446e-05, "Accuracy/Testset": 0.394, "Valid/Testset Classification Loss(GCE)": 0.000676663726568222, "_wandb": {"runtime": 4815}}