{"Batch step": 19599, "Train/Classification Loss(GCE)": 0.004142094869166613, "_timestamp": 1709465260.4568365, "_runtime": 708.388991355896, "_step": 20099, "Epoch step": 99, "Accuracy/Trainset": 0.99394, "Accuracy/Validset": 0.9946, "Valid/Validset Classification Loss(GCE)": 1.0712902656655778e-07, "Accuracy/Testset": 0.0729, "Valid/Testset Classification Loss(GCE)": 9.914762992411851e-06, "_wandb": {"runtime": 707}}