{"Batch step": 599, "Train/Classification Loss(GCE)": 0.020752133801579475, "_timestamp": 1709388824.1638403, "_runtime": 113.35736036300659, "_step": 609, "Epoch step": 1, "Accuracy/Trainset": 0.9531770833333333, "Accuracy/Validset": 0.947, "Valid/Validset Classification Loss(GCE)": 0.0003148481831885874, "Accuracy/Testset": 0.426, "Valid/Testset Classification Loss(GCE)": 0.0016922382563352586, "_wandb": {"runtime": 112}}