{"Batch step": 29999, "Train/Classification Loss(GCE)": 0.00100044219288975, "_timestamp": 1709395019.4830217, "_runtime": 5180.0477957725525, "_step": 30499, "Epoch step": 99, "Accuracy/Trainset": 0.97484375, "Accuracy/Validset": 0.982, "Valid/Validset Classification Loss(GCE)": 7.475039939345151e-05, "Accuracy/Testset": 0.42, "Valid/Testset Classification Loss(GCE)": 0.0006585993953049183, "_wandb": {"runtime": 5179}}