{"Batch step": 899, "Train/Classification Loss(GCE)": 0.008557053282856941, "_timestamp": 1709387440.0685048, "_runtime": 155.09284377098083, "_step": 914, "Epoch step": 2, "Accuracy/Trainset": 0.97375, "Accuracy/Validset": 0.965, "Valid/Validset Classification Loss(GCE)": 0.00022974528558552265, "Accuracy/Testset": 0.448, "Valid/Testset Classification Loss(GCE)": 0.0015021063685417176}