{"Batch step": 19599, "Train/Classification Loss(GCE)": 0.0, "_timestamp": 1709465338.749905, "_runtime": 699.9416282176971, "_step": 20099, "Epoch step": 99, "Accuracy/Trainset": 0.99292, "Accuracy/Validset": 0.9946, "Valid/Validset Classification Loss(GCE)": 5.118763211353705e-07, "Accuracy/Testset": 0.0598, "Valid/Testset Classification Loss(GCE)": 6.579329559949897e-06, "_wandb": {"runtime": 699}}