{"Batch step": 29999, "Train/Classification Loss(GCE)": 2.607702720425209e-09, "_timestamp": 1709394737.3288016, "_runtime": 4822.333194732666, "_step": 30499, "Epoch step": 99, "Accuracy/Trainset": 0.9994270833333333, "Accuracy/Validset": 0.993, "Valid/Validset Classification Loss(GCE)": 3.4194737036109754e-05, "Accuracy/Testset": 0.428, "Valid/Testset Classification Loss(GCE)": 0.0004399289935827255, "_wandb": {"runtime": 4821}}