{"Batch step": 29999, "Train/Classification Loss(GCE)": 3.781161694860202e-08, "_timestamp": 1709394811.3062887, "_runtime": 4772.886059761047, "_step": 30499, "Epoch step": 99, "Accuracy/Trainset": 0.99890625, "Accuracy/Validset": 0.995, "Valid/Validset Classification Loss(GCE)": 2.3372579202240117e-05, "Accuracy/Testset": 0.418, "Valid/Testset Classification Loss(GCE)": 0.0004926645718514919, "_wandb": {"runtime": 4772}}