{"Batch step": 19599, "Train/Classification Loss(GCE)": 0.0, "_timestamp": 1709465288.8851018, "_runtime": 704.7256367206573, "_step": 20099, "Epoch step": 99, "Accuracy/Trainset": 0.99468, "Accuracy/Validset": 0.9945, "Valid/Validset Classification Loss(GCE)": 5.45327890619184e-07, "Accuracy/Testset": 0.077, "Valid/Testset Classification Loss(GCE)": 1.046194567588587e-05, "_wandb": {"runtime": 704}}