{"Batch step": 19599, "Train/Classification Loss(GCE)": 0.0, "_timestamp": 1709465222.0727232, "_runtime": 701.2420830726624, "_step": 20099, "Epoch step": 99, "Accuracy/Trainset": 0.9926, "Accuracy/Validset": 0.9934, "Valid/Validset Classification Loss(GCE)": 3.0579250730820927e-07, "Accuracy/Testset": 0.0681, "Valid/Testset Classification Loss(GCE)": 7.900485962613856e-06, "_wandb": {"runtime": 700}}