{"Batch step": 19599, "Train/Classification Loss(GCE)": 0.0, "_timestamp": 1709465315.5400026, "_runtime": 701.0566036701202, "_step": 20099, "Epoch step": 99, "Accuracy/Trainset": 0.99186, "Accuracy/Validset": 0.9946, "Valid/Validset Classification Loss(GCE)": 4.6468927259898996e-07, "Accuracy/Testset": 0.056, "Valid/Testset Classification Loss(GCE)": 6.310059796634348e-06, "_wandb": {"runtime": 700}}