{"Batch step": 29999, "Train/Classification Loss(GCE)": 5.345774312104368e-08, "_timestamp": 1709394707.19632, "_runtime": 4821.738108158112, "_step": 30499, "Epoch step": 99, "Accuracy/Trainset": 0.9990625, "Accuracy/Validset": 0.989, "Valid/Validset Classification Loss(GCE)": 5.107730644226649e-05, "Accuracy/Testset": 0.418, "Valid/Testset Classification Loss(GCE)": 0.0005952161028981209, "_wandb": {"runtime": 4821}}